{"R. v. Thompson": "https://www.bccourts.ca/jdb-txt/ca/19/00/2019BCCA0001.htm", "Murray Purcha & Son Ltd. v. Barriere (District)": "https://www.bccourts.ca/jdb-txt/ca/19/00/2019BCCA0004.htm", "R. v. Kloepfer": "https://www.bccourts.ca/jdb-txt/ca/19/yk/2019YKCA0001.htm", "British Columbia Civil Liberties Association v. Canada (Attorney General)": "https://www.bccourts.ca/jdb-txt/ca/19/00/2019BCCA0005cor1.htm", "Chin v. Hegarty": "https://www.bccourts.ca/jdb-txt/ca/19/00/2019BCCA0007.htm", "R. v. Gillespie": "https://www.bccourts.ca/jdb-txt/ca/19/00/2019BCCA0008.htm", "Zhao v. Zhou": "https://www.bccourts.ca/jdb-txt/ca/19/00/2019BCCA0012cor1.htm", "Polygon Metalworks Int\u2019l Inc. v. Ellisdon Corporation": "https://www.bccourts.ca/jdb-txt/ca/19/00/2019BCCA0020.htm", "R. v. Zora": "https://www.bccourts.ca/jdb-txt/ca/19/00/2019BCCA0009.htm", "R. v. Horswill": "https://www.bccourts.ca/jdb-txt/ca/19/00/2019BCCA0002.htm", "R. v. Scofield": "https://www.bccourts.ca/jdb-txt/ca/19/00/2019BCCA0003.htm", "Almasri v. Saska": "https://www.bccourts.ca/jdb-txt/ca/19/00/2019BCCA0010cor1.htm", "R. v. Danjou": "https://www.bccourts.ca/jdb-txt/ca/19/00/2019BCCA0016.htm", "R. v. Lange": "https://www.bccourts.ca/jdb-txt/ca/19/yk/2019YKCA0002.htm", "R. v. Lloyd": "https://www.bccourts.ca/jdb-txt/ca/19/00/2019BCCA0025.htm", "Ahmed v. Canna Clinic Medicinal Society": "https://www.bccourts.ca/jdb-txt/ca/19/00/2019BCCA0044.htm", "R. v. Randhawa": "https://www.bccourts.ca/jdb-txt/ca/19/00/2019BCCA0015.htm", "Vancouver Coastal Health Authority v. Moscipan": "https://www.bccourts.ca/jdb-txt/ca/19/00/2019BCCA0017.htm", "Wright v. Sun Life Assurance Company of Canada": "https://www.bccourts.ca/jdb-txt/ca/19/00/2019BCCA0018cor1.htm", "Baryla v. Baryla": "https://www.bccourts.ca/jdb-txt/ca/19/00/2019BCCA0022.htm", "Ma v. Vansanten": "https://www.bccourts.ca/jdb-txt/ca/19/00/2019BCCA0019.htm", "R. v. Krewson": "https://www.bccourts.ca/jdb-txt/ca/19/00/2019BCCA0034cor1.htm", "Wu v. Vancouver (City)": "https://www.bccourts.ca/jdb-txt/ca/19/00/2019BCCA0023.htm", "D.L.T. v. K.K.M.": "https://www.bccourts.ca/jdb-txt/ca/19/00/2019BCCA0013.htm", "Hellberg v. Netherclift": "https://www.bccourts.ca/jdb-txt/ca/19/00/2019BCCA0024.htm", "Turkson v. TD Direct Investing, A Division Of TD Waterhouse Canada Inc.": "https://www.bccourts.ca/jdb-txt/ca/19/00/2019BCCA0031.htm", "Cambie Surgeries Corporation v. British Columbia (Attorney General)": "https://www.bccourts.ca/jdb-txt/sc/19/00/2019BCSC0007.htm", "Cottrill v. Utopia Day Spas and Salons Ltd.": "https://www.bccourts.ca/jdb-txt/ca/19/00/2019BCCA0026.htm", "R. v. Beguin": "https://www.bccourts.ca/jdb-txt/ca/19/00/2019BCCA0050.htm", "R. v. Russell": "https://www.bccourts.ca/jdb-txt/ca/21/00/2021BCCA0049.htm", "San Bao Investments Inc. v. Sun": "https://www.bccourts.ca/jdb-txt/ca/19/00/2019BCCA0030.htm", "R. v. Ball": "https://www.bccourts.ca/jdb-txt/ca/19/00/2019BCCA0032cor1.htm", "Yang v. Real Estate Council of British Columbia": "https://www.bccourts.ca/jdb-txt/ca/19/00/2019BCCA0043.htm", "Mass v. Canada Trustco Mortgage Company (TD Canada Trust)": "https://www.bccourts.ca/jdb-txt/ca/19/00/2019BCCA0042.htm", "Staetter v. British Columbia (Adult Forensic Psychiatric Services)": "https://www.bccourts.ca/jdb-txt/ca/22/00/2022BCCA0014.htm", "Coburn and Watson\u2019s Metropolitan Home v. Home Depot of Canada Inc.": "https://www.bccourts.ca/jdb-txt/ca/19/00/2019BCCA0035.htm", "Li v. Rao": "https://www.bccourts.ca/jdb-txt/ca/19/00/2019BCCA0056.htm", "R. v. Fisher": "https://www.bccourts.ca/jdb-txt/ca/19/00/2019BCCA0033.htm", "R. v. Nield": "https://www.bccourts.ca/jdb-txt/ca/19/00/2019BCCA0027.htm", "R. v. Reinbrecht": "https://www.bccourts.ca/jdb-txt/ca/19/00/2019BCCA0028.htm", "Williams v. Simon Fraser University": "https://www.bccourts.ca/jdb-txt/ca/19/00/2019BCCA0041.htm", "Price Security Holdings Inc. v. Klompas & Rothwell": "https://www.bccourts.ca/jdb-txt/ca/19/00/2019BCCA0036.htm", "R. v. Verma": "https://www.bccourts.ca/jdb-txt/ca/19/00/2019BCCA0014cor1.htm", "Al-Islam v. Valley Street Property Ltd.": "https://www.bccourts.ca/jdb-txt/ca/19/00/2019BCCA0048.htm", "R. v. Griffith": "https://www.bccourts.ca/jdb-txt/ca/19/00/2019BCCA0037.htm", "Sharifpour v. Rostami": "https://www.bccourts.ca/jdb-txt/ca/19/00/2019BCCA0061.htm", "Wang v. Shao": "https://www.bccourts.ca/jdb-txt/ca/19/00/2019BCCA0052.htm", "Allard v. The Owners, Strata Plan VIS 962": "https://www.bccourts.ca/jdb-txt/ca/19/00/2019BCCA0045.htm", "Envirocon Environmental Services, ULC v. Suen": "https://www.bccourts.ca/jdb-txt/ca/19/00/2019BCCA0046.htm", "R. v. M.R.H.": "https://www.bccourts.ca/jdb-txt/ca/19/00/2019BCCA0039.htm", "Cornerview Farms Ltd. v. Friesen": "https://www.bccourts.ca/jdb-txt/ca/20/00/2020BCCA0002.htm", "Marchi v. Nelson (City of)": "https://www.bccourts.ca/jdb-txt/ca/20/00/2020BCCA0001.htm", "Independent Investigations Office of British Columbia v. Vancouver (City) Police Department": "https://www.bccourts.ca/jdb-txt/ca/20/00/2020BCCA0004.htm", "K.F.M. v. K.G.T.": "https://www.bccourts.ca/jdb-txt/ca/20/00/2020BCCA0010.htm", "Leonard v. The Manufacturers Life Insurance Company": "https://www.bccourts.ca/jdb-txt/ca/22/00/2022BCCA0028.htm", "R. v. Moazami": "https://www.bccourts.ca/jdb-txt/ca/20/00/2020BCCA0020.htm", "Malak v. Hanna": "https://www.bccourts.ca/jdb-txt/ca/20/00/2020BCCA0006.htm", "McKibbon v. BDO Canada Limited": "https://www.bccourts.ca/jdb-txt/ca/20/00/2020BCCA0007.htm", "Trans Mountain Pipeline ULC v. Mivasair": "https://www.bccourts.ca/jdb-txt/ca/20/00/2020BCCA0008.htm", "Genworth Financial Mortgage Insurance Company Canada v. Doan": "https://www.bccourts.ca/jdb-txt/ca/20/00/2020BCCA0027.htm", "R. v. Holland": "https://www.bccourts.ca/jdb-txt/ca/20/00/2020BCCA0016.htm", "R. v. Tallio": "https://www.bccourts.ca/jdb-txt/ca/20/00/2020BCCA0014.htm", "A.B. v. C.D.": "https://www.bccourts.ca/jdb-txt/ca/20/00/2020BCCA0011.htm", "R. v. Hall": "https://www.bccourts.ca/jdb-txt/ca/20/00/2020BCCA0009.htm", "Henderson v. Mawji": "https://www.bccourts.ca/jdb-txt/ca/20/00/2020BCCA0043.htm", "Patterson v. Canada (Minister of Justice)": "https://www.bccourts.ca/jdb-txt/ca/20/00/2020BCCA0013.htm", "R. v. Hernandez-Lopez": "https://www.bccourts.ca/jdb-txt/ca/20/00/2020BCCA0012.htm", "Webb v. Canada (Attorney General)": "https://www.bccourts.ca/jdb-txt/ca/20/00/2020BCCA0034.htm", "Wang v. Wang": "https://www.bccourts.ca/jdb-txt/ca/20/00/2020BCCA0015cor1.htm", "Argo Ventures Inc. v. Choi": "https://www.bccourts.ca/jdb-txt/ca/20/00/2020BCCA0017.htm", "Manning v. Dhalla": "https://www.bccourts.ca/jdb-txt/ca/20/00/2020BCCA0035.htm", "Pavlovich v. Danilovic": "https://www.bccourts.ca/jdb-txt/ca/20/00/2020BCCA0036.htm", "R. v. Veeken": "https://www.bccourts.ca/jdb-txt/ca/20/00/2020BCCA0054.htm", "R. v. A.L.": "https://www.bccourts.ca/jdb-txt/ca/20/00/2020BCCA0018.htm", "Schuppener v. Pioneer Steel Manufacturers Limited": "https://www.bccourts.ca/jdb-txt/ca/20/00/2020BCCA0019.htm", "Gill v. Delbeck": "https://www.bccourts.ca/jdb-txt/ca/20/00/2020BCCA0037.htm", "Schellenberg v. Wawanesa Mutual Insurance Company": "https://www.bccourts.ca/jdb-txt/ca/20/00/2020BCCA0022.htm", "Storey v. Terry": "https://www.bccourts.ca/jdb-txt/ca/20/00/2020BCCA0030.htm", "Brown v. Goodacre": "https://www.bccourts.ca/jdb-txt/ca/20/00/2020BCCA0026.htm", "Quach v. Mitrux Services Ltd.": "https://www.bccourts.ca/jdb-txt/ca/20/00/2020BCCA0025.htm", "R. v. R.S.B.": "https://www.bccourts.ca/jdb-txt/ca/20/00/2020BCCA0033.htm", "Singh v. Singh": "https://www.bccourts.ca/jdb-txt/ca/20/00/2020BCCA0021.htm", "Gichuru v. Vancouver Swing Society": "https://www.bccourts.ca/jdb-txt/ca/20/00/2020BCCA0040.htm", "R. v. Awasis": "https://www.bccourts.ca/jdb-txt/ca/20/00/2020BCCA0023.htm", "R. v. Chappell": "https://www.bccourts.ca/jdb-txt/ca/20/00/2020BCCA0038.htm", "R. v. Charlie": "https://www.bccourts.ca/jdb-txt/ca/20/00/2020BCCA0024.htm", "R. v. Mitchell": "https://www.bccourts.ca/jdb-txt/ca/20/yk/2020YKCA0002cor1.htm", "R. v. Sesay": "https://www.bccourts.ca/jdb-txt/sc/19/00/2019BCSC0076.htm", "Routkovskaia v. Gibson": "https://www.bccourts.ca/jdb-txt/ca/20/00/2020BCCA0029.htm", "British Columbia (Attorney General) v. Canadian Constitution Foundation": "https://www.bccourts.ca/jdb-txt/ca/20/00/2020BCCA0048.htm", "Lapshinoff v. Wray": "https://www.bccourts.ca/jdb-txt/ca/20/00/2020BCCA0031cor1.htm", "R. v. Camille": "https://www.bccourts.ca/jdb-txt/ca/20/00/2020BCCA0032.htm", "R. v. Larue": "https://www.bccourts.ca/jdb-txt/ca/20/yk/2020YKCA0001.htm", "Liapis v. Keshow": "https://www.bccourts.ca/jdb-txt/ca/20/00/2020BCCA0028.htm", "Szopa v. Canada (Attorney General)": "https://www.bccourts.ca/jdb-txt/ca/20/00/2020BCCA0047.htm", "Partridge v. Partridge": "https://www.bccourts.ca/jdb-txt/ca/20/00/2020BCCA0055.htm", "R. v. Murray": "https://www.bccourts.ca/jdb-txt/ca/20/00/2020BCCA0042.htm", "R. v. Schafer": "https://www.bccourts.ca/jdb-txt/ca/20/yk/2020YKCA0003.htm", "British Columbia (Securities Commission) v. Pioneer Ventures Inc.": "https://www.bccourts.ca/jdb-txt/ca/21/00/2021BCCA0001.htm", "R. v. MacKay": "https://www.bccourts.ca/jdb-txt/ca/21/00/2021BCCA0087.htm", "R. v. Baranec": "https://www.bccourts.ca/jdb-txt/ca/21/00/2021BCCA0018.htm", "Xu v. Hu": "https://www.bccourts.ca/jdb-txt/ca/21/00/2021BCCA0002.htm", "Kaban Resources Inc. v. Goldcorp Inc.": "https://www.bccourts.ca/jdb-txt/ca/21/00/2021BCCA0006.htm", "R. v. Czechowski": "https://www.bccourts.ca/jdb-txt/ca/21/00/2021BCCA0019.htm", "R. v. Li": "https://www.bccourts.ca/jdb-txt/ca/21/00/2021BCCA0003.htm", "Madadi v. Nichols": "https://www.bccourts.ca/jdb-txt/ca/21/00/2021BCCA0010.htm", "NBC Holdings Ltd. v. Aarts Nursery Ltd.": "https://www.bccourts.ca/jdb-txt/ca/21/00/2021BCCA0007cor1.htm", "R. v. Perkins": "https://www.bccourts.ca/jdb-txt/ca/21/00/2021BCCA0009.htm", "Barendregt v. Grebliunas": "https://www.bccourts.ca/jdb-txt/ca/21/00/2021BCCA0011.htm", "Findlay v. George": "https://www.bccourts.ca/jdb-txt/ca/21/00/2021BCCA0012.htm", "Li v. Li": "https://www.bccourts.ca/jdb-txt/ca/21/00/2021BCCA0039.htm", "Provost v. Dueck Downtown Chevrolet Buick GMC Limited": "https://www.bccourts.ca/jdb-txt/ca/21/00/2021BCCA0015.htm", "R. v. N.P.": "https://www.bccourts.ca/jdb-txt/ca/21/00/2021BCCA0025.htm", "R. v. Nahanee": "https://www.bccourts.ca/jdb-txt/ca/21/00/2021BCCA0013.htm", "R. v. Pawson": "https://www.bccourts.ca/jdb-txt/ca/21/00/2021BCCA0022.htm", "French v. French": "https://www.bccourts.ca/jdb-txt/ca/21/00/2021BCCA0030.htm", "McDermott v. Thompson": "https://www.bccourts.ca/jdb-txt/ca/21/00/2021BCCA0023.htm", "The Owners, Strata Plan VR29 v. Kranz": "https://www.bccourts.ca/jdb-txt/ca/21/00/2021BCCA0032.htm", "Marshall Mountain Telecom Ltd. v. The Owners, Strata Plan EPS 4044": "https://www.bccourts.ca/jdb-txt/ca/21/00/2021BCCA0021.htm", "R. v. Burgoyne": "https://www.bccourts.ca/jdb-txt/ca/21/00/2021BCCA0051.htm", "Jacques v. Muir": "https://www.bccourts.ca/jdb-txt/ca/21/00/2021BCCA0038cor1.htm", "Jacques v. Rona Inc.": "https://www.bccourts.ca/jdb-txt/sc/19/24/2019BCSC2459.htm", "R. v. A.B.": "https://www.bccourts.ca/jdb-txt/ca/21/00/2021BCCA0020.htm", "R. v. Clayton": "https://www.bccourts.ca/jdb-txt/ca/21/00/2021BCCA0024.htm", "R. v. Tremblay": "https://www.bccourts.ca/jdb-txt/ca/21/00/2021BCCA0026.htm", "Fonseca v. Gabriola Island Local Trust Committee": "https://www.bccourts.ca/jdb-txt/ca/21/00/2021BCCA0027.htm", "Landmark Solutions Ltd. v. 1082532 B.C. Ltd.": "https://www.bccourts.ca/jdb-txt/ca/21/00/2021BCCA0029.htm", "S.R. v. A.B.": "https://www.bccourts.ca/jdb-txt/ca/21/00/2021BCCA0028.htm", "DLC Holdings Corp. v. Payne": "https://www.bccourts.ca/jdb-txt/ca/21/00/2021BCCA0031.htm", "Quigley v. Cymbalisty": "https://www.bccourts.ca/jdb-txt/ca/21/00/2021BCCA0033.htm", "Ghag v. Ghag": "https://www.bccourts.ca/jdb-txt/ca/21/01/2021BCCA0106cor1.htm", "Kendall v. Bouchard": "https://www.bccourts.ca/jdb-txt/ca/21/00/2021BCCA0045.htm", "R. v. Edge": "https://www.bccourts.ca/jdb-txt/ca/21/00/2021BCCA0035.htm", "R. v. Johnston": "https://www.bccourts.ca/jdb-txt/ca/21/00/2021BCCA0034.htm", "iAnthus Capital Holdings, Inc. v. Walmer Capital Limited": "https://www.bccourts.ca/jdb-txt/ca/21/00/2021BCCA0048.htm", "R. v. Costello": "https://www.bccourts.ca/jdb-txt/ca/21/00/2021BCCA0059.htm", "R. v. T.L.P.": "https://www.bccourts.ca/jdb-txt/ca/21/00/2021BCCA0036.htm", "Sohal v. Lezama": "https://www.bccourts.ca/jdb-txt/ca/21/00/2021BCCA0040.htm", "Ahluwalia v. Richmond Taxi Co. Holdings Ltd.": "https://www.bccourts.ca/jdb-txt/ca/21/00/2021BCCA0043.htm", "De Cotiis v. Hothi": "https://www.bccourts.ca/jdb-txt/ca/21/00/2021BCCA0060.htm", "Howdle v. Mission Medium Institution (Warden)": "https://www.bccourts.ca/jdb-txt/ca/21/00/2021BCCA0044.htm", "R. v. Schneider": "https://www.bccourts.ca/jdb-txt/ca/21/00/2021BCCA0041.htm", "E.B. v. British Columbia (Child, Family and Community Services)": "https://www.bccourts.ca/jdb-txt/ca/21/00/2021BCCA0047.htm", "R. v. Orr": "https://www.bccourts.ca/jdb-txt/ca/21/00/2021BCCA0042.htm", "Warlow v. Sadeghi": "https://www.bccourts.ca/jdb-txt/ca/21/00/2021BCCA0046.htm", "Yang v. Wang": "https://www.bccourts.ca/jdb-txt/ca/21/00/2021BCCA0056.htm", "R. v. Richet": "https://www.bccourts.ca/jdb-txt/ca/21/00/2021BCCA0050.htm", "R. v. Salehi": "https://www.bccourts.ca/jdb-txt/ca/22/00/2022BCCA0001cor1.htm", "Sebok v. Babits": "https://www.bccourts.ca/jdb-txt/ca/22/00/2022BCCA0002.htm", "0843003 B.C. Ltd. v. Inspire Group Development Corporation": "https://www.bccourts.ca/jdb-txt/ca/22/00/2022BCCA0003.htm", "British Columbia (Comptroller of Water Rights, Water Sustainability Act) v. Harrison Hydro Project Inc.": "https://www.bccourts.ca/jdb-txt/ca/22/00/2022BCCA0004.htm", "R. v. Bona": "https://www.bccourts.ca/jdb-txt/ca/22/00/2022BCCA0007.htm", "R. v. Bouvette": "https://www.bccourts.ca/jdb-txt/ca/22/00/2022BCCA0009.htm", "R. v. Downes": "https://www.bccourts.ca/jdb-txt/ca/22/00/2022BCCA0008cor1.htm", "R. v. Emerson": "https://www.bccourts.ca/jdb-txt/ca/22/00/2022BCCA0005.htm", "R. v. St. Constantine": "https://www.bccourts.ca/jdb-txt/ca/22/00/2022BCCA0006.htm", "R. v. McCrimmon": "https://www.bccourts.ca/jdb-txt/ca/22/yk/2022YKCA0001.htm", "The College of Physicians and Surgeons of British Columbia v. The Health Professions Review Board": "https://www.bccourts.ca/jdb-txt/ca/22/00/2022BCCA0010.htm", "O.K. Industries Ltd. v. District of Highlands": "https://www.bccourts.ca/jdb-txt/ca/22/00/2022BCCA0012.htm", "R. v. Vallee": "https://www.bccourts.ca/jdb-txt/ca/22/00/2022BCCA0011.htm", "Sutter Hill Management Corporation v. Mpire Capital Corporation": "https://www.bccourts.ca/jdb-txt/ca/22/00/2022BCCA0013.htm", "Save-A-Lot Holdings Corp. v. Christensen": "https://www.bccourts.ca/jdb-txt/ca/22/00/2022BCCA0039.htm", "Concord Pacific Acquisitions Inc. v. Oei": "https://www.bccourts.ca/jdb-txt/ca/22/00/2022BCCA0016.htm", "R. v. D.L.B.": "https://www.bccourts.ca/jdb-txt/ca/22/00/2022BCCA0015.htm", "Brown Bros. Motor Lease Canada Ltd. v. Workers\u2019 Compensation Appeal Tribunal": "https://www.bccourts.ca/jdb-txt/ca/22/00/2022BCCA0020.htm", "Hayun v. Hayun": "https://www.bccourts.ca/jdb-txt/ca/22/00/2022BCCA0034.htm", "Piekut v. Canada (Minister of National Revenue)": "https://www.bccourts.ca/jdb-txt/ca/22/00/2022BCCA0050.htm", "R. v. Kruk": "https://www.bccourts.ca/jdb-txt/ca/22/00/2022BCCA0018.htm", "R. v. R.K.K.": "https://www.bccourts.ca/jdb-txt/ca/22/00/2022BCCA0017.htm", "AM Gold Inc. v. Kaizen Discovery Inc.": "https://www.bccourts.ca/jdb-txt/ca/22/00/2022BCCA0021.htm", "Grosz v. Royal Trust Corporation of Canada": "https://www.bccourts.ca/jdb-txt/ca/22/00/2022BCCA0057.htm", "Trotman v. WestJet Airlines Ltd.": "https://www.bccourts.ca/jdb-txt/ca/22/00/2022BCCA0022.htm", "Turcotte v. Godine": "https://www.bccourts.ca/jdb-txt/ca/22/00/2022BCCA0024.htm", "R. v. Nikirk": "https://www.bccourts.ca/jdb-txt/ca/22/00/2022BCCA0023.htm", "Rong v. Tan": "https://www.bccourts.ca/jdb-txt/ca/22/00/2022BCCA0025.htm", "The Law Society of British Columbia v. Cole": "https://www.bccourts.ca/jdb-txt/ca/22/00/2022BCCA0055.htm", "Wang v. The Owners, Strata Plan LMS 2970": "https://www.bccourts.ca/jdb-txt/ca/22/00/2022BCCA0056.htm", "Brown v. McNabb": "https://www.bccourts.ca/jdb-txt/ca/22/00/2022BCCA0053.htm", "R. v. Ravelo-Corvo": "https://www.bccourts.ca/jdb-txt/ca/22/00/2022BCCA0019.htm", "Teal Cedar Products Ltd. v. Rainforest Flying Squad": "https://www.bccourts.ca/jdb-txt/ca/22/00/2022BCCA0026.htm", "McKnight v. Hutchison": "https://www.bccourts.ca/jdb-txt/ca/22/00/2022BCCA0027.htm", "Grewal v. Mann": "https://www.bccourts.ca/jdb-txt/ca/22/00/2022BCCA0030.htm", "Stene v. White Castle Ventures Inc.": "https://www.bccourts.ca/jdb-txt/ca/22/00/2022BCCA0029.htm", "Bowe v. Bowe": "https://www.bccourts.ca/jdb-txt/ca/22/00/2022BCCA0035.htm", "Chiodo v. John Doe": "https://www.bccourts.ca/jdb-txt/ca/22/00/2022BCCA0033.htm", "Garcha Bros Meat Shop Ltd. v. Singh": "https://www.bccourts.ca/jdb-txt/ca/22/00/2022BCCA0036.htm", "Jones v. Davidson": "https://www.bccourts.ca/jdb-txt/ca/22/00/2022BCCA0031.htm", "R. v. Stevic": "https://www.bccourts.ca/jdb-txt/ca/22/00/2022BCCA0045.htm", "Ward Western Holdings Corp. v. Brosseuk": "https://www.bccourts.ca/jdb-txt/ca/22/00/2022BCCA0032.htm", "Ip v. Wilson": "https://www.bccourts.ca/jdb-txt/ca/22/00/2022BCCA0059.htm", "Masjoody v. Trotignon": "https://www.bccourts.ca/jdb-txt/ca/22/00/2022BCCA0048.htm", "Terrace Community Forest LLP v. Skeena Sawmills Ltd.": "https://www.bccourts.ca/jdb-txt/ca/22/00/2022BCCA0037.htm", "Thomson v. Her Majesty the Queen in the Right of British Columbia": "https://www.bccourts.ca/jdb-txt/ca/22/00/2022BCCA0038.htm", "Baring v. Grewal": "https://www.bccourts.ca/jdb-txt/ca/22/00/2022BCCA0042.htm", "Chavez-Salinas v. Tower": "https://www.bccourts.ca/jdb-txt/ca/22/00/2022BCCA0043.htm", "Ghuman v. ICBC": "https://www.bccourts.ca/jdb-txt/sc/19/00/2019BCSC0003.htm", "Nordgren v. Hjukstrom Estate": "https://www.bccourts.ca/jdb-txt/sc/19/00/2019BCSC0001.htm", "Century 21 Coastal Realty Ltd. v. 0863846 B.C. Ltd.": "https://www.bccourts.ca/jdb-txt/sc/19/00/2019BCSC0005.htm", "D.M.B. v. D.W.A.L.": "https://www.bccourts.ca/jdb-txt/sc/19/00/2019BCSC0004.htm", "J.N. v. British Columbia Commissioner for Teacher Regulation": "https://www.bccourts.ca/jdb-txt/sc/19/00/2019BCSC0002.htm", "R. v. Ottie": "https://www.bccourts.ca/jdb-txt/sc/19/00/2019BCSC0049cor1.htm", "8640025 Canada Inc. (Re)": "https://www.bccourts.ca/jdb-txt/sc/19/00/2019BCSC0008.htm", "Bruner v. MGX Minerals Inc.": "https://www.bccourts.ca/jdb-txt/sc/19/00/2019BCSC0011.htm", "Cook v. Kang": "https://www.bccourts.ca/jdb-txt/sc/19/00/2019BCSC0012cor1.htm", "Ignace v. British Columbia (Attorney General)": "https://www.bccourts.ca/jdb-txt/sc/19/00/2019BCSC0010.htm", "R. v. Phagura": "https://www.bccourts.ca/jdb-txt/sc/19/16/2019BCSC1638cor1.htm", "Shaman v. Meek": "https://www.bccourts.ca/jdb-txt/sc/19/00/2019BCSC0009.htm", "Drummond v. Powell River (City)": "https://www.bccourts.ca/jdb-txt/sc/19/00/2019BCSC0092.htm", "Wiles v. Seabrook": "https://www.bccourts.ca/jdb-txt/sc/19/00/2019BCSC0013.htm", "Alberni-Clayoquot (Regional District) (Re)": "https://www.bccourts.ca/jdb-txt/sc/19/00/2019BCSC0020.htm", "Jeet v. Lata": "https://www.bccourts.ca/jdb-txt/sc/19/00/2019BCSC0026.htm", "McPhail v. Ross": "https://www.bccourts.ca/jdb-txt/sc/19/00/2019BCSC0021.htm", "Nilsen v. British Columbia (Superintendent of Motor Vehicles)": "https://www.bccourts.ca/jdb-txt/sc/19/00/2019BCSC0056.htm", "R. v. Chamberlain": "https://www.bccourts.ca/jdb-txt/sc/19/00/2019BCSC0084.htm", "Wei v. Chiu": "https://www.bccourts.ca/jdb-txt/sc/19/03/2019BCSC0310.htm", "R. v. Clarke": "https://www.bccourts.ca/jdb-txt/sc/19/19/2019BCSC1942.htm", "R. v. Flintroy": "https://www.bccourts.ca/jdb-txt/sc/19/00/2019BCSC0035.htm", "Santics v.  Vancouver (City) Animal Control Officer": "https://www.bccourts.ca/jdb-txt/sc/19/00/2019BCSC0024.htm", "Shaw v. Kirk": "https://www.bccourts.ca/jdb-txt/sc/19/00/2019BCSC0023.htm", "Baraty v. Wellons Canada Corp.": "https://www.bccourts.ca/jdb-txt/sc/19/00/2019BCSC0033.htm", "Berns v. Berns": "https://www.bccourts.ca/jdb-txt/sc/19/00/2019BCSC0025.htm", "Kaur v. Jhamb": "https://www.bccourts.ca/jdb-txt/sc/19/00/2019BCSC0067.htm", "Louis Winkler Alter Ego Trust #3 v. Winkler": "https://www.bccourts.ca/jdb-txt/sc/19/00/2019BCSC0030cor2.htm", "R. v. A.D.": "https://www.bccourts.ca/jdb-txt/sc/19/21/2019BCSC2154.htm", "R. v. Miller": "https://www.bccourts.ca/jdb-txt/sc/19/00/2019BCSC0027.htm", "R. v. Smith": "https://www.bccourts.ca/jdb-txt/sc/19/11/2019BCSC1152.htm", "R.J.R. v. P.M.R.": "https://www.bccourts.ca/jdb-txt/sc/19/00/2019BCSC0031.htm", "Raiwal v. Khalsa Diwan Society of Abbotsford": "https://www.bccourts.ca/jdb-txt/sc/19/00/2019BCSC0029.htm", "Russell v. Synex International Inc.": "https://www.bccourts.ca/jdb-txt/sc/19/00/2019BCSC0034.htm", "Wan v. The National Dental Examining Board of Canada": "https://www.bccourts.ca/jdb-txt/sc/19/00/2019BCSC0032.htm", "R. v. Tio": "https://www.bccourts.ca/jdb-txt/sc/19/01/2019BCSC0144.htm", "Avelin v. Aya Lasers Inc.": "https://www.bccourts.ca/jdb-txt/sc/19/00/2019BCSC0042.htm", "Cole v. Paterson": "https://www.bccourts.ca/jdb-txt/sc/19/00/2019BCSC0045.htm", "M.E.W. v. T.D.W.": "https://www.bccourts.ca/jdb-txt/sc/19/24/2019BCSC2494.htm", "Mohamed v. Martone": "https://www.bccourts.ca/jdb-txt/sc/19/00/2019BCSC0038.htm", "More v. Rutledge": "https://www.bccourts.ca/jdb-txt/sc/19/00/2019BCSC0040.htm", "Nieweler Estate (Re)": "https://www.bccourts.ca/jdb-txt/sc/19/04/2019BCSC0401.htm", "R. v. Elmazini": "https://www.bccourts.ca/jdb-txt/sc/19/00/2019BCSC0041.htm", "Sauer v. 648657 B.C. Ltd.": "https://www.bccourts.ca/jdb-txt/sc/19/00/2019BCSC0043.htm", "Green v. Canada (Public Prosecution Service)": "https://www.bccourts.ca/jdb-txt/sc/19/00/2019BCSC0046cor1.htm", "R. v. Berry": "https://www.bccourts.ca/jdb-txt/sc/19/24/2019BCSC2408.htm", "Onstein v. Onstein": "https://www.bccourts.ca/jdb-txt/sc/20/00/2020BCSC0002.htm", "Roemer v. Shafi": "https://www.bccourts.ca/jdb-txt/sc/20/00/2020BCSC0001.htm", "British Columbia (Director of Civil Forfeiture) v. Vu": "https://www.bccourts.ca/jdb-txt/sc/20/01/2020BCSC0106.htm", "C.M. v. N.L.": "https://www.bccourts.ca/jdb-txt/sc/20/00/2020BCSC0003.htm", "Natural Trade Ltd. v. MYL Trading Ltd.": "https://www.bccourts.ca/jdb-txt/sc/20/00/2020BCSC0047.htm", "Shen v. West Continent Development Inc. (BC0844848)": "https://www.bccourts.ca/jdb-txt/sc/20/00/2020BCSC0005.htm", "Barrie v. British Columbia  (Forests, Lands and Natural Resource Operations)": "https://www.bccourts.ca/jdb-txt/sc/20/00/2020BCSC0010.htm", "Director of Civil Forfeiture v. The Owners": "https://www.bccourts.ca/jdb-txt/sc/20/22/2020BCSC2214.htm", "Han v. Baune": "https://www.bccourts.ca/jdb-txt/sc/20/22/2020BCSC2223.htm", "R. v. J.J.": "https://www.bccourts.ca/jdb-txt/sc/20/00/2020BCSC0029.htm", "R. v. Tomac": "https://www.bccourts.ca/jdb-txt/sc/20/01/2020BCSC0168.htm", "Trans Canada Insurance Marketing Inc. v. Fransen Insurance Services Ltd.": "https://www.bccourts.ca/jdb-txt/sc/20/00/2020BCSC0008.htm", "Winick v. Goddard": "https://www.bccourts.ca/jdb-txt/sc/20/00/2020BCSC0004.htm", "Brewis v. British Columbia (Attorney General)": "https://www.bccourts.ca/jdb-txt/sc/20/12/2020BCSC1293.htm", "Craigie v. Lehigh Hanson Materials Limited": "https://www.bccourts.ca/jdb-txt/sc/20/00/2020BCSC0012.htm", "Diaz v. Nowack": "https://www.bccourts.ca/jdb-txt/sc/20/01/2020BCSC0112.htm", "Mau v. G.A. Consulting Services Inc.": "https://www.bccourts.ca/jdb-txt/sc/20/01/2020BCSC0125.htm", "R. v. Sigsworth": "https://www.bccourts.ca/jdb-txt/sc/20/01/2020BCSC0175.htm", "R. v. Zhao": "https://www.bccourts.ca/jdb-txt/sc/20/13/2020BCSC1322cor2.htm", "CIT Financial Ltd. v. Gee Force Logistics Inc.": "https://www.bccourts.ca/jdb-txt/sc/20/00/2020BCSC0018.htm", "Herrera v. Miller": "https://www.bccourts.ca/jdb-txt/sc/20/00/2020BCSC0062.htm", "Lewis v. Wang": "https://www.bccourts.ca/jdb-txt/sc/20/00/2020BCSC0016.htm", "Nisa Holdings Inc. v. LMG Mgmt. Ltd.": "https://www.bccourts.ca/jdb-txt/sc/20/00/2020BCSC0011.htm", "Servatius v. Alberni School District No. 70": "https://www.bccourts.ca/jdb-txt/sc/20/00/2020BCSC0015cor1.htm", "Western Potash Corporation v. Amarillo Gold Corporation": "https://www.bccourts.ca/jdb-txt/sc/20/00/2020BCSC0017cor1.htm", "Wigen v. Wigen": "https://www.bccourts.ca/jdb-txt/sc/20/00/2020BCSC0014.htm", "Baldus v. Lillow": "https://www.bccourts.ca/jdb-txt/sc/20/00/2020BCSC0022.htm", "Farren v. Elite Service Group Inc.": "https://www.bccourts.ca/jdb-txt/sc/20/00/2020BCSC0023.htm", "Fontaine v. Canada (Attorney General)": "https://www.bccourts.ca/jdb-txt/sc/20/00/2020BCSC0021cor1.htm", "Walton v. Warren": "https://www.bccourts.ca/jdb-txt/sc/20/00/2020BCSC0019.htm", "A.J.F. v. N.L.S.": "https://www.bccourts.ca/jdb-txt/sc/20/00/2020BCSC0026.htm", "Johnston v. Scholten": "https://www.bccourts.ca/jdb-txt/sc/20/22/2020BCSC2227.htm", "R. v. C.R.S.": "https://www.bccourts.ca/jdb-txt/sc/20/00/2020BCSC0095cor2.htm", "Surespan Structures Ltd. v. Lloyds Underwriters": "https://www.bccourts.ca/jdb-txt/sc/20/00/2020BCSC0027.htm", "T.C. v. K.C.": "https://www.bccourts.ca/jdb-txt/sc/20/04/2020BCSC0472cor1.htm", "Volovsek v. Donaldson": "https://www.bccourts.ca/jdb-txt/sc/20/00/2020BCSC0025.htm", "Brunning v. Cummings": "https://www.bccourts.ca/jdb-txt/sc/20/00/2020BCSC0031.htm", "Cowichan Tribes v. Canada (Attorney General)": "https://www.bccourts.ca/jdb-txt/sc/20/00/2020BCSC0066.htm", "Lu v. Yao": "https://www.bccourts.ca/jdb-txt/sc/20/00/2020BCSC0024.htm", "Nishiyama (Re)": "https://www.bccourts.ca/jdb-txt/sc/20/02/2020BCSC0224.htm", "Puri v. Vuong": "https://www.bccourts.ca/jdb-txt/sc/20/00/2020BCSC0028.htm", "United States v. Meng": "https://www.bccourts.ca/jdb-txt/sc/20/00/2020BCSC0043.htm", "Bryce v. Rala Investments Ltd.": "https://www.bccourts.ca/jdb-txt/sc/20/00/2020BCSC0051cor1.htm", "Dais v. Virvilis": "https://www.bccourts.ca/jdb-txt/sc/20/00/2020BCSC0035.htm", "S.G.R. v. R.J.R.": "https://www.bccourts.ca/jdb-txt/sc/20/00/2020BCSC0039.htm", "Watson v. Scouts Canada": "https://www.bccourts.ca/jdb-txt/sc/20/00/2020BCSC0041.htm", "Woo v. Cr\u00e8me De La Crumb Bakeshop & Catering Ltd.": "https://www.bccourts.ca/jdb-txt/sc/20/00/2020BCSC0042.htm", "Barrie v. British Columbia": "https://www.bccourts.ca/jdb-txt/sc/20/22/2020BCSC2271.htm", "R. v. Adamu": "https://www.bccourts.ca/jdb-txt/sc/20/00/2020BCSC0098.htm", "R. v. Latimer": "https://www.bccourts.ca/jdb-txt/sc/20/09/2020BCSC0970.htm", "2258756 Ontario Limited v. Hartley": "https://www.bccourts.ca/jdb-txt/sc/21/00/2021BCSC0003.htm", "Enns v. Corbett": "https://www.bccourts.ca/jdb-txt/sc/20/00/2021BCSC0002.htm", "Moore v. Stack": "https://www.bccourts.ca/jdb-txt/sc/21/03/2021BCSC0317cor1.htm", "R. v. Fernquist": "https://www.bccourts.ca/jdb-txt/sc/21/03/2021BCSC0344.htm", "Dunbar v. The Law Society of British Columbia": "https://www.bccourts.ca/jdb-txt/sc/21/00/2021BCSC0008.htm", "Allen v. Luca": "https://www.bccourts.ca/jdb-txt/sc/20/14/2021BCSC0014.htm", "Bergen v. WestJet Airlines Ltd.": "https://www.bccourts.ca/jdb-txt/sc/21/00/2021BCSC0012.htm", "Chapman v. Cuthbert": "https://www.bccourts.ca/jdb-txt/sc/21/00/2021BCSC0001.htm", "H.D. v. L.M.D.": "https://www.bccourts.ca/jdb-txt/sc/21/01/2021BCSC0108.htm", "Jack Wang Law Corporation v. Du": "https://www.bccourts.ca/jdb-txt/sc/21/00/2021BCSC0009.htm", "Javorovic v. Booth": "https://www.bccourts.ca/jdb-txt/sc/21/02/2021BCSC0232.htm", "lululemon athletica canada inc. v. Industrial Color Productions Inc.": "https://www.bccourts.ca/jdb-txt/sc/21/00/2021BCSC0015.htm", "Mollica-Lazzaro v. Leung": "https://www.bccourts.ca/jdb-txt/sc/21/00/2021BCSC0004.htm", "R. v. Bleau": "https://www.bccourts.ca/jdb-txt/sc/21/00/2021BCSC0013.htm", "R. v. Huntley": "https://www.bccourts.ca/jdb-txt/sc/21/01/2021BCSC0149.htm", "Rizzuto v. Grover": "https://www.bccourts.ca/jdb-txt/sc/21/06/2021BCSC0619.htm", "The Trustees of the BC Transit Employees\u2019 Health and Benefit Trust v. Enkelmann": "https://www.bccourts.ca/jdb-txt/sc/21/00/2021BCSC0011.htm", "Woodward & Company Lawyers LLP v. The Tsilhqot'in National Government": "https://www.bccourts.ca/jdb-txt/sc/21/00/2021BCSC0016.htm", "Constantinescu v. Van Ryk": "https://www.bccourts.ca/jdb-txt/sc/21/00/2021BCSC0018.htm", "In the Matter of a Plan of Arrangement of UrtheCast Corp.": "https://www.bccourts.ca/jdb-txt/sc/21/18/2021BCSC1819.htm", "Knight v. Black": "https://www.bccourts.ca/jdb-txt/sc/21/00/2021BCSC0019.htm", "Peninsula (Kingsway) Seafood Restaurant Inc. v. Central Park Developments Ltd.": "https://www.bccourts.ca/jdb-txt/sc/21/01/2021BCSC0119.htm", "Thandi v. Try": "https://www.bccourts.ca/jdb-txt/sc/21/00/2021BCSC0022.htm", "Wale v. Laughland": "https://www.bccourts.ca/jdb-txt/sc/21/00/2021BCSC0020.htm", "Allan v. Froese": "https://www.bccourts.ca/jdb-txt/sc/21/00/2021BCSC0028.htm", "Aselstyne v. Stobbart": "https://www.bccourts.ca/jdb-txt/sc/21/00/2021BCSC0026.htm", "Canadian Union of Public Employees, Local 403 v. Langley (Township)": "https://www.bccourts.ca/jdb-txt/sc/21/00/2021BCSC0005.htm", "Dunn v. Heise": "https://www.bccourts.ca/jdb-txt/sc/21/12/2021BCSC1209.htm", "Gierc Jr. v. Wescon Cedar Products Ltd.": "https://www.bccourts.ca/jdb-txt/sc/21/00/2021BCSC0023.htm", "R. v. Logan": "https://www.bccourts.ca/jdb-txt/sc/21/00/2021BCSC0029.htm", "Tietz v. BridgeMark Financial Corp.": "https://www.bccourts.ca/jdb-txt/sc/21/00/2021BCSC0025.htm", "Tseng v. Tseng": "https://www.bccourts.ca/jdb-txt/sc/21/00/2021BCSC0027.htm", "Velthuis v. Velthuis": "https://www.bccourts.ca/jdb-txt/sc/21/00/2021BCSC0006.htm", "Dosanjh v. Johal": "https://www.bccourts.ca/jdb-txt/sc/21/01/2021BCSC0150.htm", "Johnson v. Scott": "https://www.bccourts.ca/jdb-txt/sc/21/00/2021BCSC0038cor1.htm", "K.T.T. v. J.J.T.": "https://www.bccourts.ca/jdb-txt/sc/21/01/2021BCSC0131.htm", "Modeste v. Barnes": "https://www.bccourts.ca/jdb-txt/sc/21/00/2021BCSC0024.htm", "Tannberg v. Hare": "https://www.bccourts.ca/jdb-txt/sc/21/00/2021BCSC0030.htm", "Whitehead v. British Columbia (Agricultural Land Commission)": "https://www.bccourts.ca/jdb-txt/sc/21/00/2021BCSC0031.htm", "1077 Holdings Co-Operative (Re)": "https://www.bccourts.ca/jdb-txt/sc/21/00/2021BCSC0042.htm", "Chartrand v. Google LLC": "https://www.bccourts.ca/jdb-txt/sc/21/00/2021BCSC0007.htm", "Ehirchiou v. Esguerra": "https://www.bccourts.ca/jdb-txt/sc/21/00/2021BCSC0039.htm", "Hanlon (Re)": "https://www.bccourts.ca/jdb-txt/sc/21/00/2021BCSC0040.htm", "O.C. v. M.V.S.G.": "https://www.bccourts.ca/jdb-txt/sc/21/00/2021BCSC0045.htm", "Petersen v. Hawley": "https://www.bccourts.ca/jdb-txt/sc/21/00/2021BCSC0044.htm", "R. v. Buchanan": "https://www.bccourts.ca/jdb-txt/sc/21/00/2021BCSC0051cor2.htm", "T.L.L. v. S.J.M.": "https://www.bccourts.ca/jdb-txt/sc/21/20/2021BCSC2022.htm", "Hale v. Hill": "https://www.bccourts.ca/jdb-txt/sc/21/00/2021BCSC0046.htm", "Johnson v. Wentworth": "https://www.bccourts.ca/jdb-txt/sc/21/00/2021BCSC0050.htm", "Khan v. School District No. 39": "https://www.bccourts.ca/jdb-txt/sc/21/00/2021BCSC0049.htm", "British Columbia v. Apotex Inc.": "https://www.bccourts.ca/jdb-txt/sc/22/00/2022BCSC0001cor1.htm", "R. v. F.L.I.": "https://www.bccourts.ca/jdb-txt/sc/22/00/2022BCSC0002cor2.htm", "Cook v. Neufeld": "https://www.bccourts.ca/jdb-txt/sc/22/00/2022BCSC0006.htm", "Tait v. Lemon": "https://www.bccourts.ca/jdb-txt/sc/22/00/2022BCSC0004.htm", "Chow v. Wichacz": "https://www.bccourts.ca/jdb-txt/sc/22/00/2022BCSC0009.htm", "De-Heer v. Mamdooh": "https://www.bccourts.ca/jdb-txt/sc/22/00/2022BCSC0007cor1.htm", "Grossmann Estate": "https://www.bccourts.ca/jdb-txt/sc/22/00/2022BCSC0097.htm", "Shoppers Drug Mart Inc. v. Mang": "https://www.bccourts.ca/jdb-txt/sc/22/01/2022BCSC0199.htm", "A.M.S. v. J.R.A.": "https://www.bccourts.ca/jdb-txt/sc/22/02/2022BCSC0211cor1.htm", "Galloway v. Galloway": "https://www.bccourts.ca/jdb-txt/sc/22/00/2022BCSC0010.htm", "Jiwani v. Jiwani": "https://www.bccourts.ca/jdb-txt/sc/22/00/2022BCSC0095.htm", "McGoran (Re)": "https://www.bccourts.ca/jdb-txt/sc/22/00/2022BCSC0008cor1.htm", "N.A.G. v. B.E.G.": "https://www.bccourts.ca/jdb-txt/sc/22/01/2022BCSC0179.htm", "Penner v. Davies": "https://www.bccourts.ca/jdb-txt/sc/22/00/2022BCSC0013.htm", "Smithe Residences Ltd. v. Boffo Investment Corp.": "https://www.bccourts.ca/jdb-txt/sc/22/00/2022BCSC0011.htm", "Thomas and Saik\u2019uz First Nation v. Rio Tinto Alcan Inc.": "https://www.bccourts.ca/jdb-txt/sc/22/00/2022BCSC0015.htm", "CIBC Mortgages Inc. v. Zhang": "https://www.bccourts.ca/jdb-txt/sc/22/00/2022BCSC0021.htm", "Mackenzie Delta Industrial Ltd. v. North American Enterprises Ltd.": "https://www.bccourts.ca/jdb-txt/sc/22/00/2022BCSC0016.htm", "Mathias v. Squamish Nation": "https://www.bccourts.ca/jdb-txt/sc/22/01/2022BCSC0116cor1.htm", "Pickwell v. Rotter": "https://www.bccourts.ca/jdb-txt/sc/22/00/2022BCSC0018.htm", "Primeau v. Dhaliwal": "https://www.bccourts.ca/jdb-txt/sc/22/00/2022BCSC0019.htm", "Rosewall v. Sechelt (District of)": "https://www.bccourts.ca/jdb-txt/sc/22/00/2022BCSC0020.htm", "1449 Sandhurst Place Holdings Ltd. (Re)": "https://www.bccourts.ca/jdb-txt/sc/22/00/2022BCSC0062.htm", "Angelis v. Siermy": "https://www.bccourts.ca/jdb-txt/sc/22/00/2022BCSC0031.htm", "Chow v. Cheung": "https://www.bccourts.ca/jdb-txt/sc/22/00/2022BCSC0026.htm", "Clemina Hydro Power Limited Partnership v. British Columbia Hydro and Power Authority": "https://www.bccourts.ca/jdb-txt/sc/22/00/2022BCSC0025.htm", "Einboden v. Porter": "https://www.bccourts.ca/jdb-txt/sc/22/00/2022BCSC0029.htm", "Hainan Dehong Real Estate Development Corporation v. WestBay Partners": "https://www.bccourts.ca/jdb-txt/sc/22/00/2022BCSC0024cor1.htm", "Hemminger v. Law Society of British Columbia": "https://www.bccourts.ca/jdb-txt/sc/22/00/2022BCSC0030.htm", "Hollyburn Properties Limited v. Staehli": "https://www.bccourts.ca/jdb-txt/sc/22/00/2022BCSC0028.htm", "Ratelle v. Barton": "https://www.bccourts.ca/jdb-txt/sc/22/00/2022BCSC0022.htm", "Smith v. Vance": "https://www.bccourts.ca/jdb-txt/sc/22/00/2022BCSC0012.htm", "Yang v. Lockhart": "https://www.bccourts.ca/jdb-txt/sc/22/00/2022BCSC0032cor1.htm", "A.E. v. P.A.": "https://www.bccourts.ca/jdb-txt/sc/22/00/2022BCSC0041.htm", "K.L.W. v. R.D.W.": "https://www.bccourts.ca/jdb-txt/sc/22/00/2022BCSC0044cor1.htm", "K.R.P. v. O.M.P.": "https://www.bccourts.ca/jdb-txt/sc/22/00/2022BCSC0037.htm", "Knowles v. Brown": "https://www.bccourts.ca/jdb-txt/sc/22/01/2022BCSC0154.htm", "R.F. v. H.M.": "https://www.bccourts.ca/jdb-txt/sc/22/00/2022BCSC0038.htm", "S.N.K. v. R.R.P.": "https://www.bccourts.ca/jdb-txt/sc/22/02/2022BCSC0210.htm", "Singh v De Santis": "https://www.bccourts.ca/jdb-txt/sc/22/00/2022BCSC0035.htm", "The Attorney General of Canada v. Steelhead Aggregates Ltd.": "https://www.bccourts.ca/jdb-txt/sc/22/00/2022BCSC0034cor1.htm", "Yi Teng Investment Inc. v. Keltic (Brighouse) Development Ltd.": "https://www.bccourts.ca/jdb-txt/sc/22/00/2022BCSC0033.htm", "Bamberger v. Vancouver (Board of Parks and Recreation)": "https://www.bccourts.ca/jdb-txt/sc/22/00/2022BCSC0049.htm", "Barter v. British Columbia (Superintendent of Motor Vehicles)": "https://www.bccourts.ca/jdb-txt/sc/22/00/2022BCSC0051cor1.htm", "D.K. v. The Law Society of British Columbia": "https://www.bccourts.ca/jdb-txt/sc/22/00/2022BCSC0082.htm", "Gelowitz v. Revelstoke (City)": "https://www.bccourts.ca/jdb-txt/sc/22/00/2022BCSC0046.htm", "Interior Savings Credit Union v. Theoret": "https://www.bccourts.ca/jdb-txt/sc/22/00/2022BCSC0052.htm", "Mulgrew v. Mulgrew": "https://www.bccourts.ca/jdb-txt/sc/22/00/2022BCSC0050.htm", "Penz v. British Columbia (Superintendent of Motor Vehicles)": "https://www.bccourts.ca/jdb-txt/sc/22/00/2022BCSC0047.htm", "A.I.P. v. K.B.": "https://www.bccourts.ca/jdb-txt/sc/22/00/2022BCSC0054.htm"}